{
    "title": "Talina&Sirus",
    "description": "Talina&Sirus",
    "keywords": "Talina&Sirus,HomePage",
    "author": "Talina&Sirus",
    "logo_img": "./img/icon/avatar.jpg",
    "logo_text_1": "Talina&Sirus",
    "logo_text_2": "top",
    "github": "F0Xy",
    "qq": "1289066006",
    "email": "1289066006@qq.com",
    "bilibili": "495003013",
    "facebook": "bottom_user",
    "link_1": [
        "http://blog.wuhobin.top/",
        "fa-solid fa-blog",
        "Project Article"
    ],
    "link_2": [
        "https://tongji.baidu.com/",
        "fa-solid fa-cloud",
        "DATAS"
    ],
    "link_3": [
        "http://www.wuhobin.top/",
        "fa-solid fa-compass",
        "起"
    ],
    "link_4": [
        "https://codenote.wuhobin.top",
        "fa-solid fa-book-bookmark",
        "编程"
    ],
    "link_5": [
        "http://www.wuhobin.top/",
        "fa-solid fa-flask",
        "开..."
    ],
    "link_6": [
        "http://www.wuhobin.top/",
        "fa-solid fa-flask",
        "敬待..."
    ],
    "Copyright_text": "hzjyy",
    "beian": "备案号"
}
